{"./models/LiquidAI/LFM2.5-350M-Base-sft-imdb-dpo-sentiment-b0.1": {"kl": [0.053260003685951234, 0.20362395644187928, 0.7428757853507996, 1.57461226272583, 2.6715900211334227, 3.5290718479156493, 4.484332023620605, 5.175437805175782, 5.562407608032227, 5.76471475982666, 6.267323188781738, 6.234599174499512, 6.222911819458008, 6.454061305999756, 6.3718175582885745, 6.314613616943359, 6.423019073486328, 6.387600234985351], "acc": [0.506, 0.579, 0.724, 0.825, 0.888, 0.916, 0.944, 0.968, 0.957, 0.961, 0.979, 0.968, 0.966, 0.974, 0.973, 0.965, 0.977, 0.962]}, "./models/LiquidAI/LFM2.5-350M-Base-sft-imdb-ipo-sentiment-b0.1": {"kl": [-0.013185626864433288, -0.022804605960845947, 0.35993742632865905, 0.959500862121582, 1.9174533081054688, 3.0035246849060058, 3.8319628829956054, 4.604506530761719, 5.334980770111084, 5.745274948120117, 6.039549690246582, 6.159844612121582, 6.476618492126465, 6.4981948699951175, 6.676298240661621, 6.471690544128418, 6.449387420654297, 6.53374624633789], "acc": [0.495, 0.576, 0.709, 0.812, 0.872, 0.918, 0.951, 0.967, 0.96, 0.97, 0.982, 0.972, 0.977, 0.981, 0.977, 0.973, 0.981, 0.982]}, "./models/LiquidAI/LFM2.5-350M-Base-sft-imdb-pspo-sentiment-b0.1-a0.5": {"kl": [-0.011631808757781982, 0.007785490870475769, 0.30366097116470336, 1.0839097080230713, 2.0869528579711916, 3.1520822563171387, 3.972921974182129, 4.731709564208985, 5.213326416015625, 5.633282829284668, 5.8754840850830075, 6.2647531127929685, 6.306916465759278, 6.33621475982666, 6.492977416992187, 6.318240653991699, 6.522339866638184, 6.124800533294677], "acc": [0.508, 0.581, 0.716, 0.804, 0.883, 0.932, 0.945, 0.954, 0.961, 0.968, 0.97, 0.98, 0.975, 0.981, 0.976, 0.967, 0.982, 0.973]}, "./models/LiquidAI/LFM2.5-350M-Base-sft-imdb-pspo-sentiment-b0.1-a0.75": {"kl": [0.29168521451950075, 2.2097358264923095, 4.312568992614746, 6.062139785766601, 7.4982257652282716, 8.506639633178711, 9.494693412780762, 9.693217407226562, 10.27093701171875, 10.156379806518554, 10.479582595825196, 10.452345993041993, 10.72969529724121, 10.62353832244873, 10.59125212097168, 10.654037338256837, 10.687557250976562, 10.625832717895507], "acc": [0.491, 0.567, 0.649, 0.72, 0.773, 0.807, 0.828, 0.843, 0.856, 0.855, 0.859, 0.854, 0.873, 0.861, 0.879, 0.848, 0.858, 0.865]}, "./models/LiquidAI/LFM2.5-350M-Base-sft-imdb-pspo-sentiment-b0.1-a0.25": {"kl": [-0.3228706955909729, -2.099655767440796, -3.250232397079468, -3.3021275033950808, -0.4767907562255859, 4.72079719543457, 10.148607177734375, 15.613239654541015, 19.591447723388672, 22.467820922851562, 23.625571380615234, 24.048555908203124, 24.757160278320313, 24.62398181152344, 24.84807502746582, 24.939606338500976, 25.581160064697265, 24.697724517822266], "acc": [0.494, 0.598, 0.748, 0.877, 0.933, 0.977, 0.987, 0.988, 0.99, 0.992, 0.991, 0.996, 0.996, 0.994, 0.994, 1.0, 0.997, 0.996]}, "./models/LiquidAI/LFM2.5-350M-Base-sft-imdb-pspo-sentiment-b0.1-a0.4": {"kl": [-0.16738710570335388, -0.9565729149580002, -1.3952116632461549, -1.2873315097093583, -0.5330921902656555, 0.8667378349304199, 2.192040697097778, 3.147486280441284, 4.489517036437988, 5.352683532714844, 5.49089673614502, 6.198604904174805, 6.315217529296875, 6.170941482543945, 6.425344413757324, 6.338490608215332, 6.420296157836914, 6.661389518737793], "acc": [0.499, 0.581, 0.709, 0.838, 0.908, 0.942, 0.966, 0.981, 0.987, 0.988, 0.986, 0.989, 0.99, 0.994, 0.994, 0.986, 0.988, 0.992]}, "./models/LiquidAI/LFM2.5-350M-Base-sft-imdb-pspo-sentiment-b0.1-a0.6": {"kl": [0.12423534190654754, 0.9321872615814208, 2.0574397468566894, 3.360606559753418, 4.710149364471436, 5.824935066223144, 6.429817722320557, 7.197128059387207, 7.565370979309082, 7.7998021087646485, 8.241539840698243, 8.284499313354493, 8.189615730285645, 8.244624809265137, 8.2762020111084, 8.42091227722168, 8.12218243789673, 8.3241898727417], "acc": [0.491, 0.58, 0.663, 0.77, 0.827, 0.878, 0.899, 0.912, 0.929, 0.933, 0.943, 0.947, 0.957, 0.949, 0.955, 0.943, 0.939, 0.945]}, "./models/LiquidAI/LFM2.5-350M-Base-sft-imdb-pspo-sentiment-b0.1-a0.1": {"kl": [-0.4102476279735565, -2.661499221801758, -3.9868866081237795, -0.6022459821701049, 15.184827514648438, 46.756538482666016, 55.518496459960936, 60.76823876953125, 64.00294476318359, 66.02374487304688, 66.90718969726562, 68.15518640136719, 68.63617102050782, 69.6854486694336, 68.52662414550781, 68.94634106445312, 69.1516417236328, 69.08471417236328], "acc": [0.496, 0.622, 0.751, 0.892, 0.949, 0.98, 0.985, 0.982, 0.99, 0.989, 0.995, 0.987, 0.994, 0.992, 0.991, 0.997, 0.993, 0.995]}, "./models/LiquidAI/LFM2.5-350M-Base-sft-imdb-pspo-sentiment-b0.1-a0.9": {"kl": [0.45293817806243897, 3.0581190338134765, 5.679937561035156, 7.513117778778076, 9.272209777832032, 9.77647607421875, 10.71047427368164, 11.056287864685059, 11.62010743713379, 11.894092727661134, 12.067263214111328, 12.326215103149414, 11.91329564666748, 12.1859169921875, 12.54627968597412, 12.320659439086914, 12.378111267089844, 12.274753273010253], "acc": [0.48, 0.555, 0.627, 0.655, 0.687, 0.724, 0.745, 0.752, 0.75, 0.752, 0.771, 0.755, 0.751, 0.77, 0.741, 0.756, 0.761, 0.781]}}