{"./models/LiquidAI/LFM2.5-350M-Base-sft-imdb-dpo-sentiment-b0.25": {"kl": [0.07157864081859588, 0.20538285040855409, 0.7098578414916992, 1.2610636520385743, 2.088840202331543, 2.7321432609558105, 3.153670852661133, 3.547677848815918, 3.800635299682617, 4.066584636688233, 4.030746147155762, 4.188572135925293, 4.2923070983886715, 4.202580261230469, 4.216150932312011, 4.164183349609375, 4.289438915252686, 4.345714744567871], "acc": [0.488, 0.597, 0.719, 0.801, 0.846, 0.886, 0.905, 0.937, 0.926, 0.938, 0.922, 0.933, 0.941, 0.933, 0.938, 0.939, 0.941, 0.943]}, "./models/LiquidAI/LFM2.5-350M-Base-sft-imdb-ipo-sentiment-b0.25": {"kl": [-0.01516911232471466, 0.016830720782279967, 0.3137681758403778, 0.9768506288528442, 1.909967311859131, 2.9197507343292237, 3.557656799316406, 4.382738826751709, 5.029607879638672, 5.641015102386475, 5.912657722473145, 6.159378902435303, 6.175623870849609, 6.0455260086059575, 6.256627391815186, 6.152692794799805, 6.066419380187988, 6.3269181785583495], "acc": [0.529, 0.571, 0.724, 0.785, 0.88, 0.944, 0.949, 0.957, 0.974, 0.967, 0.981, 0.981, 0.983, 0.973, 0.975, 0.983, 0.976, 0.983]}, "./models/LiquidAI/LFM2.5-350M-Base-sft-imdb-pspo-sentiment-b0.25-a0.5": {"kl": [-0.03261554610729218, 0.00825902783870697, 0.41717058432102205, 1.231683663368225, 2.199783458709717, 3.2182220649719238, 3.979234977722168, 4.45048738861084, 4.985670444488526, 5.404452011108399, 5.734709564208984, 5.926954048156738, 5.924241641998291, 6.029381855010986, 6.048249031066894, 6.116313079833985, 5.969008220672608, 6.220951446533203], "acc": [0.499, 0.577, 0.718, 0.813, 0.875, 0.905, 0.933, 0.944, 0.967, 0.961, 0.965, 0.966, 0.965, 0.978, 0.957, 0.969, 0.962, 0.971]}, "./models/LiquidAI/LFM2.5-350M-Base-sft-imdb-pspo-sentiment-b0.25-a0.75": {"kl": [0.3302682294845581, 2.0709838829040526, 4.052254035949707, 5.717549530029297, 7.081832565307617, 8.05045346069336, 8.841252128601074, 9.594397506713868, 9.806376594543456, 10.069829498291016, 10.37504801940918, 10.365199340820313, 10.482070892333985, 10.709776405334473, 10.451946937561035, 10.527263389587402, 10.53332615661621, 10.713808555603027], "acc": [0.492, 0.543, 0.653, 0.729, 0.776, 0.83, 0.864, 0.872, 0.861, 0.877, 0.893, 0.896, 0.896, 0.896, 0.88, 0.884, 0.916, 0.896]}, "./models/LiquidAI/LFM2.5-350M-Base-sft-imdb-pspo-sentiment-b0.25-a0.25": {"kl": [-0.29934145522117617, -1.91943648147583, -3.313819549560547, -3.7433635330200197, -3.03044304561615, -1.3785030550956725, -0.32252638912200926, 0.7822831053733825, 1.745930323600769, 2.3090185794830322, 2.930161231994629, 3.42942724609375, 3.3295349159240724, 3.4389819412231444, 3.6148010559082033, 3.3092445793151857, 3.3513024673461915, 3.501272548675537], "acc": [0.463, 0.609, 0.725, 0.864, 0.918, 0.951, 0.968, 0.983, 0.976, 0.989, 0.99, 0.982, 0.994, 0.986, 0.992, 0.985, 0.989, 0.989]}, "./models/LiquidAI/LFM2.5-350M-Base-sft-imdb-pspo-sentiment-b0.25-a0.6": {"kl": [0.13246897482872008, 0.8908256764411926, 2.06526091003418, 3.26496630859375, 4.4769381847381595, 5.44574609375, 6.260868804931641, 6.86380924987793, 7.204780979156494, 7.672689548492432, 7.848813480377197, 7.919482585906983, 8.000880378723144, 8.163435241699219, 8.189393840789794, 8.18461474609375, 8.053250930786133, 8.052752388000489], "acc": [0.466, 0.573, 0.692, 0.775, 0.836, 0.887, 0.912, 0.95, 0.938, 0.949, 0.943, 0.946, 0.954, 0.955, 0.948, 0.957, 0.932, 0.959]}, "./models/LiquidAI/LFM2.5-350M-Base-sft-imdb-pspo-sentiment-b0.25-a0.4": {"kl": [-0.173303196310997, -0.8786333441734314, -1.2417326850891113, -0.9465690836906433, -0.385030903339386, 0.7129304704666137, 1.7759179058074952, 2.52189973449707, 3.0384214401245115, 3.416180530548096, 3.9054451065063476, 3.8975114822387695, 4.243912281036377, 4.110924171447754, 4.344113971710205, 4.32260355758667, 4.355034559249878, 4.1157178268432615], "acc": [0.48, 0.591, 0.718, 0.815, 0.895, 0.941, 0.954, 0.969, 0.971, 0.975, 0.985, 0.978, 0.979, 0.984, 0.977, 0.982, 0.987, 0.973]}, "./models/LiquidAI/LFM2.5-350M-Base-sft-imdb-pspo-sentiment-b0.25-a0.1": {"kl": [-0.4168700337409973, -2.6012222805023195, -4.507416015625, -4.385575273513794, -2.89229310798645, -0.5814074125289918, 1.1418028044700623, 3.0356331844329834, 4.29455248260498, 5.298901737213135, 5.314923377990723, 5.974784244537354, 5.9328297424316405, 6.260612182617187, 6.226981945037842, 6.322398071289062, 6.1527587890625, 6.326250747680664], "acc": [0.491, 0.595, 0.753, 0.864, 0.933, 0.971, 0.973, 0.984, 0.986, 0.991, 0.996, 0.993, 0.987, 0.994, 0.994, 0.992, 0.995, 0.992]}, "./models/LiquidAI/LFM2.5-350M-Base-sft-imdb-pspo-sentiment-b0.25-a0.9": {"kl": [0.4345256259441376, 2.987196990966797, 5.414950305938721, 7.294363368988037, 8.810164962768555, 9.73360691833496, 10.661885734558105, 11.154685150146484, 11.583809707641601, 11.853548942565919, 12.13648957824707, 11.90168788909912, 12.310069900512696, 12.363829414367675, 11.965991195678711, 12.358972541809083, 12.234715911865234, 12.193002243041992], "acc": [0.506, 0.556, 0.6, 0.68, 0.723, 0.757, 0.761, 0.812, 0.811, 0.837, 0.807, 0.799, 0.835, 0.835, 0.809, 0.807, 0.825, 0.801]}}